localidad,lat_centro,lon_centro
9,36.7192152,-4.4231123
Abrucena,37.1332098,-2.797482
Acequias,36.9679323,-3.53951
Adamuz,38.0269999,-4.5245275
Adra,36.748834,-3.0203617
Agua Amarga,36.9398769,-1.9340288
Aguadulce,36.8124067,-2.5709688
Aguilar,37.5146967,-4.6567166
Alameda,37.207778,-4.6581597
Alanís,38.0365938,-5.7132497
Albaida del Aljarafe,37.425499,-6.1650572
Albanchez de Magina,37.7919927,-3.4678765
Albolote,37.3051688,-3.6615056
Albondón,36.8442063,-3.2068231
Albox,37.3880282,-2.1455544
Albuñol,36.7895221,-3.188296
Albuñuelas,36.9286025,-3.6234882
Albuñán,37.2270817,-3.1331968
Albánchez,37.2868617,-2.1813585
Alcaidesa,36.256538,-5.354359
Alcalá de Guadaíra,37.3397709,-5.8408396
Alcalá de los Gazules,36.4618805,-5.7238891
Alcalá del Río,37.5180979,-5.982018
Alcalá del Valle,36.9044094,-5.1720759
Alcalá la Real,37.4619794,-3.922384
Alcaracejos,38.3893241,-4.9673657
Alcaucín,36.9025563,-4.1140053
Alcaudete,37.5881403,-4.0812937
Alcolea,36.974836,-2.9613342
Alcudia de Guadix,37.26247,-3.100378
Alcántara,36.6983324,-6.0173608
Aldea Quintana,37.7116376,-4.8664277
Alfacar,37.2383551,-3.5663721
Alfarnate,36.9942627,-4.2604149
Alfornón,36.8183576,-3.2784523
Algaida,36.8266212,-2.4119381
Algar,36.6566286,-5.6564009
Algarinejo,37.2992473,-4.1754474
Algarrobo,36.7732439,-4.0399307
Algarrobo Costa,36.7466718,-4.0538159
Algatocín,36.5738231,-5.2747134
Algeciras,36.1311725,-5.4473991
Algodonales,36.879693,-5.4047755
Algámitas,37.0163821,-5.1488476
Alhama de Almería,36.9574546,-2.5667688
Alhama de Granada,37.0028286,-3.9891096
Alhaurín de la Torre,36.6627542,-4.562753
Alhaurín el Grande,36.6421248,-4.6867447
Alhendín,37.0607608,-3.7089885
Aljaraque,37.2664912,-7.0246859
Almaciles,37.9804199,-2.3381568
Almadén de la Plata,37.8736407,-6.0804954
Almayate Alto,36.7400775,-4.1581172
Almedinilla,37.4405255,-4.0961434
Almensilla,37.3100014,-6.1130523
Almeria,36.8685739,-2.3120282
Almerimar,36.707867,-2.8074558
Almería,36.8685739,-2.3120282
Almodóvar del Río,37.8112483,-5.0194742
Almogía,36.8261541,-4.5406993
Almonaster la Real,37.8721788,-6.7866023
Almonte,37.2611686,-6.5175751
Almuñécar,36.7703688,-3.7236281
Almuñécar granada,36.7348618,-3.7389697
Almáchar,36.808985,-4.2161584
Almócita,37.003137,-2.7904479
Alosno,37.5496719,-7.115795
Alozaina,36.727762,-4.8579969
Alpujarra de la Sierra,37.0223921,-3.1489049
Alquife,37.1901347,-3.1102621
Alájar,37.8746137,-6.6650601
Ambroz,37.1643527,-3.6637964
Andújar,38.0392362,-4.0505603
Antas,37.2452206,-1.9181629
Antequera,37.0183652,-4.5596649
Aracena,37.8949414,-6.5624496
Arboleas,37.3511387,-2.0742569
Arbuniel,37.6282633,-3.5380913
Archidona,37.0945779,-4.3906561
Arcos de la Frontera,36.7526913,-5.8122092
Ardales,36.8781793,-4.8468061
Arenas,36.8160239,-4.0441983
Arenas del Rey,36.9577036,-3.8944117
Arjona,37.9355989,-4.0544689
Arjonilla,37.9740992,-4.1068464
Armilla,37.1474703,-3.618511
Aroche,37.9436167,-6.9539589
Arriate,36.7991421,-5.1407457
Arroturas,38.0563377,-3.0499674
Arroyo Frío,38.2777611,-2.7418922
Arroyo de la Miel,36.5990832,-4.5350332
Arroyo de la Plata,37.68239,-6.2578904
Arroyo del Ojanco,38.3217918,-2.8934526
Arroyo-Pinares,37.332317,-3.7735872
Arroyomolinos de León,38.0235708,-6.4224907
Atajate,36.6399535,-5.2450791
Atalbéitar,36.9343628,-3.3103395
Atarfe,37.2226964,-3.6865662
Ayamonte,37.215797,-7.4060169
Aznalcázar,37.3035085,-6.2508499
Azuel,38.325628,-4.3282007
Bacarés,37.261184,-2.453323
Badolatosa,37.3062674,-4.672493
Baena,37.6173035,-4.324371
Baeza,37.9945171,-3.4708163
Bahía de Casares,36.3825083,-5.214605
Bailén,38.096787,-3.7765601
Balerma,36.7314101,-2.8870654
Barbate,36.1923983,-5.9192837
Bayacas,36.9193613,-3.4157776
Baza,37.4281633,-2.8475487
Baños de la Encina,38.1710134,-3.7744639
Baúl,37.4278882,-2.9285587
Beas,37.4254522,-6.7916123
Beas de Segura,38.2526786,-2.8908722
Bedmar,37.8221501,-3.411775
Beires,37.0120901,-2.7909185
Bejarín,37.3250316,-3.1625412
Belicena,37.1729422,-3.688527
Benacazón,37.3544497,-6.1961281
Benadalid,36.6062679,-5.2690514
Benahavís,36.5222736,-5.0441068
Benajarafe,36.7181256,-4.1954602
Benalauría,36.5942222,-5.261033
Benalmadena Costa,36.5931193,-4.5253759
Benalmádena,36.594519,-4.572284
Benalup-Casas Viejas,36.3449297,-5.8137236
Benalúa de Guadix,37.35113,-3.1636896
Benalúa de las Villas,37.4445116,-3.6502532
Benamahoma,36.7634575,-5.4653727
Benamargosa,36.8352646,-4.1935703
Benamaurel,37.6371246,-2.6825202
Benamejí,37.2671843,-4.540364
Benamocarra,36.7912509,-4.1616514
Benaocaz,36.7006416,-5.421687
Benaoján,36.7188117,-5.2533743
Benarrabá,36.5508289,-5.2756812
Benatae,38.3528099,-2.6517296
Benecid,36.9895988,-2.8592336
Berja,36.8428832,-2.945818
Bermejo,37.2213796,-4.6075153
Betis,36.0907717,-5.7176194
Bobadilla,37.0376401,-4.7279832
Bollullos de la Mitación,37.3399004,-6.1376821
Bolonia,36.0886603,-5.7738935
Bonanza,36.8032397,-6.3350091
Bonares,37.3214037,-6.683161
Bormujos,37.3715939,-6.07133
Bornos,36.8157427,-5.7434863
Brenes,37.5494873,-5.8724046
Brácana,37.4161526,-4.0568825
Bubión,36.9488544,-3.3570047
Buenas Noches,36.3931693,-5.2053765
Burguillos,37.5858509,-5.9678094
Burunchel,37.9463546,-2.9543017
Busquístar,36.958503,-3.2741671
Bácor,37.5320013,-2.9540569
Bédar,37.1909576,-1.9806488
Bélmez,38.272413,-5.2078919
Bélmez de la Moraleda,37.7238028,-3.3823692
Bérchules,37.0210663,-3.1999361
Béznar,36.9276488,-3.5412186
Cabo de Gata,36.7210296,-2.1932327
Cabopino,36.4867838,-4.7410244
Cabra,37.4718153,-4.4335616
Cabra del Santo Cristo,37.7036217,-3.2867065
Cabrillas,36.7687275,-4.1648873
Cacin,37.0599969,-3.9166908
Cala,37.9719249,-6.3168307
Calahonda,36.7013089,-3.4177163
Calahonda ,36.745261,-3.8759608
Calañas,37.6545062,-6.8786335
Caleta de Vélez,36.7490645,-4.067894
Camas,37.4020115,-6.0331571
Cambil,37.6768457,-3.5649212
Campano,36.3467065,-6.1397885
Campillo de Arenas,37.5552182,-3.6353369
Campillos,37.0470137,-4.8621698
Campofrío,37.7655617,-6.5767028
Campotéjar,37.5080964,-3.5925182
Canena,38.0481647,-3.4816832
Caniles,37.4362471,-2.722409
Canillas de Aceituno,36.8731665,-4.0821261
Canillas de Albaida,36.8461773,-3.9878112
Canjáyar,37.0104452,-2.7406217
Cantillana,37.6088766,-5.8244449
Cantoria,37.3524561,-2.1934809
Capileira,37.0061262,-3.3382082
Carataunas,36.9212808,-3.3960825
Carboneras,36.9968699,-1.8946552
Carcabuey,37.4438237,-4.2740867
Carchel,37.6536198,-3.6365151
Carchelejo,37.6356068,-3.6405311
Cardeña,38.2703085,-4.3227324
Carmona,37.4717882,-5.641291
Carratraca,36.8539382,-4.8209062
Carrión de los Céspedes,37.368131,-6.32942
Cartajima,36.6455316,-5.1539254
Cartaya,37.2829111,-7.1545752
Casabermeja,36.893528,-4.4287903
Casarabonela,36.7852106,-4.8430732
Casares,36.4433477,-5.2728863
Castaño de Robledo,37.8916857,-6.6912458
Castañuelo,37.9366285,-6.5807597
Castell de Ferro,36.7224798,-3.3591422
Castellar de Santisteban,38.2514993,-3.196072
Castellar de la Frontera,36.2867039,-5.4196952
Castil de Campos,37.4913219,-4.1423181
Castilblanco de los Arroyos,37.6750431,-5.9889206
Castilleja de la Cuesta,37.3867839,-6.054127
Castillo Bajo,36.7344843,-3.9626756
Castillo de Locubín,37.5279563,-3.9422486
Castillo de Sabinillas,36.3529996,-5.2325938
Castilléjar,37.717227,-2.6425103
Castril,37.7969475,-2.7814472
Castro del Río,37.6911602,-4.4826954
Cazalla de la Sierra,37.932188,-5.7595396
Cazorla,37.9128927,-3.0038873
Cañada Catena,38.274829,-2.7759567
Cañada Rosal,37.5976936,-5.2104153
Cañada del Gamo,38.2048761,-5.404825
Cañada del Rabadán,37.6528529,-5.0830228
Cañada del Real Tesoro,36.5942889,-5.3317735
Cañaveral de León,38.0148419,-6.5285331
Cañete la Real,36.9515951,-5.0246722
Ceal,37.7267425,-3.0475262
Cenes de la Vega,37.155931,-3.5411468
Cerro Muriano,38.0044987,-4.7682622
Chiclana de Segura,38.3115637,-3.0428203
Chiclana de la Frontera,36.4191096,-6.1460683
Chilches,36.7273635,-4.2234935
Chilluévar,38.0018558,-3.0314178
Chimeneas,37.1150529,-3.8406287
Chipiona,36.7355451,-6.4348221
Chipiona (Cádiz),36.7355451,-6.4348221
Chirivel,37.5959771,-2.2679281
Cogollos De La Vega,37.2755727,-3.572149
Cogollos de Guadix,37.2241755,-3.1610634
Colmenar,36.9053728,-4.3368078
Colomera,37.375215,-3.71082
Comares,36.8494448,-4.2480998
Conil de la Frontera,36.277054,-6.0881874
Conquista,38.4080934,-4.5006552
Constantina,37.87757,-5.62185
Corcoya,37.2709354,-4.6882819
Coria del Río,37.2892112,-6.0535287
Coripe,36.971831,-5.4403189
Corteconcepción,37.8963289,-6.5073264
Cortegana,37.9093023,-6.8196169
Cortelazor,37.93559,-6.6245719
Cortes de Baza,37.6539949,-2.7695935
Cortes de la Frontera,36.6170845,-5.3426714
Cortijos Nuevos,38.2482595,-2.7248004
Costa Ballena,36.6919838,-6.4117417
Costacabana,36.8383669,-2.3807779
Coto Ríos,38.0464364,-2.848951
Coín,36.6600506,-4.7565615
Cuesta de la Palma,37.1370842,-4.2781424
Cuevas Bajas,37.2355805,-4.4884171
Cuevas de San Marcos,37.2679779,-4.4141396
Cuevas del Almanzora,37.2961366,-1.8807223
Cuevas del Becerro,36.87586,-5.0440091
Cuevas del Campo,37.6179974,-2.9184474
Cumbres Mayores,38.0623177,-6.6466238
Cumbres de San Bartolomé,38.0771839,-6.7432319
Cádiar,36.9257584,-3.1788085
Cádiz,36.5297438,-6.2928976
Cájar,37.1307446,-3.5718194
Cártama,36.7100716,-4.631539
Cástaras,36.9186296,-3.2418464
Cáñar,36.9663181,-3.4237672
Cómpeta,36.832836,-3.9747057
Cónchar,36.9663624,-3.5881041
Córdoba,37.8845813,-4.7760138
Cúllar de Baza,37.5835402,-2.5766049
Cúllar-Vega,37.1535419,-3.6703193
Cútar,36.8310343,-4.2287632
Daimalos,36.8213939,-4.030339
Deifontes,37.3263415,-3.5946529
Dos Hermanas,37.283689,-5.9226718
Dos Torres,38.4442332,-4.8956511
Doña Mencía,37.5545719,-4.3573672
Doña Rama,38.2218479,-5.2730635
Dílar,37.0737362,-3.6010019
Dúdar,37.186106,-3.4836393
Dúrcal,36.9879333,-3.5663828
ENTRERRIOS (Málaga),36.5556836,-4.724146
El Alcornocal,38.1811299,-5.3293024
El Almarchal,36.1446372,-5.8049455
El Almendral,37.1684361,-2.9396939
El Arahal,37.2623933,-5.5449325
El Batán,37.3288889,-3.2142027
El Borge,36.8145004,-4.2348314
El Bosque,36.757294,-5.5067224
El Buitrón,37.6395416,-6.7385924
El Burgo,36.7904469,-4.9480972
El Campillo,36.752666,-2.9900587
El Campillo del Moro,36.7800651,-2.6060568
El Cardete,38.3492307,-2.7117173
El Carpio,37.9388192,-4.4993246
El Castillo de las Guardas,37.6936222,-6.3139109
El Cañal,36.2501441,-5.8907039
El Cañuelo,37.5072249,-4.1628494
El Cerezo,38.0633651,-2.633771
El Cerro,36.8149356,-3.9818573
El Cerro de Andévalo,37.7334975,-6.9384854
El Chaparral,36.0841681,-5.7396619
El Chorro,36.9089333,-4.7599708
El Colmenar,36.5406287,-5.3862884
El Coronil,37.0796909,-5.6329514
El Cuervo,37.1903491,-5.2057085
El Ejido,36.7743863,-2.8124886
El Esparragal,37.5016609,-4.2145505
El Garrobo,37.6244685,-6.1711347
El Gastor,36.8551853,-5.3236056
El Granado,37.5001993,-7.3776249
El Higuerón,37.8670309,-4.8504733
El Judío,37.3675389,-6.898907
El Morche,36.7410359,-3.994949
El Ojuelo,38.256794,-2.700257
El Padul,37.037399,-3.6364399
El Palmar,36.2383198,-6.0626507
El Palo,36.7214915,-4.3596335
El Paraíso,36.4727746,-5.03351
El Pedroso,37.8406468,-5.7645256
El Portil,37.2137583,-7.0484662
El Pozo de los Frailes,36.7885844,-2.1095191
El Puerto de Santa María,36.6004006,-6.2252702
El Quejigo,37.8980036,-6.7353648
El Real de la Jara,37.9494108,-6.1511261
El Rescate,36.787312,-3.755779
El Rocío,37.1337972,-6.4811829
El Rompido,37.2225915,-7.1237849
El Ronquillo,37.7260948,-6.1765564
El Río Chico,36.8294957,-2.9785605
El Saucejo,37.0698592,-5.0970989
El Soto,36.7202279,-5.6418588
El Tarahal,37.3152384,-1.7668823
El Toyo,36.842584,-2.3186661
El Trocadero,36.5121274,-6.2334389
El Viso,38.4832661,-4.9554413
El Viso del Alcor,37.3891783,-5.7224779
Electra Industrial,38.0447366,-3.4694302
Encinarejo De Córdoba,37.8327349,-4.9273173
Encinas Reales,37.2745773,-4.4887626
Encinasola,38.1369242,-6.8718109
Enix,36.8769467,-2.6019386
Escúllar,37.1774623,-2.7347589
Espartinas,37.3814997,-6.125652
Espejo,37.678932,-4.5537827
Espera,36.8716918,-5.8060565
Espiel,38.1885533,-5.0189717
Estación de Cártama,36.7364607,-4.6127054
Estepa,37.29204,-4.8781876
Estepona,36.4268068,-5.1468484
Facinas,36.1435531,-5.7001565
Faraján,36.6162231,-5.1882209
Fernán Pérez,36.9123,-2.0663169
Ferreirola,36.9292262,-3.3134369
Fines,37.360002,-2.2632918
Fiñana,37.1709721,-2.8397107
Fondón,36.9801455,-2.8597547
Fontanar,37.6724221,-2.9725099
Fornes,36.9543333,-3.8555715
Frailes,37.4873237,-3.8370179
Freila,37.5107685,-2.9110243
Frigiliana,36.7909126,-3.8953919
Fuengirola,36.5388398,-4.6233974
Fuensanta de Martos,37.6462911,-3.9110221
Fuente Nueva,37.7117425,-2.4059892
Fuente Obejuna,38.2667683,-5.4197812
Fuente Palmera,37.7049553,-5.099948
Fuente Vaqueros,37.2217225,-3.7760683
Fuente Victoria,36.9850358,-2.8761744
Fuente de Piedra,37.13528,-4.7298858
Fuente-Tójar,37.5107434,-4.145896
Fuente-Álamo,37.4759276,-4.0340494
Fuenteheridos,37.9034873,-6.6617402
Fuentes de Andalucía,37.4645318,-5.3443621
Fuentes de Cesna,37.2712628,-4.2290888
GAUCIN,36.5192377,-5.3177544
Gacia,37.4171151,-1.8509624
Galaroza,37.9262801,-6.7087298
Galera,37.7426081,-2.5507542
Garrucha,37.1853833,-1.820335
Gaucín,36.5192377,-5.3177544
Gelves,37.3395756,-6.0260114
Genalguacil,36.5456361,-5.2359435
Gerena,37.5293784,-6.1556433
Gibraleón,37.3746324,-6.9690748
Gilena,37.2516267,-4.9154115
Gines,37.3877985,-6.0785818
Golco,36.9726443,-3.1518974
Gor,37.376469,-2.9676401
Gorafe,37.5169776,-3.0476384
Graena,37.3037431,-3.2186535
Granada,37.1734995,-3.5995337
Grazalema,36.7583892,-5.366074
Grima,37.3328704,-1.7577475
Guadalcanal,38.0928826,-5.8176004
Guadalcázar,37.7578517,-4.9441631
Guadix,37.3724432,-3.068928
Gualchos,36.7382658,-3.3899284
Guardias Viejas,36.7008594,-2.8418645
Guaro,36.6561223,-4.834406
Guarromán,38.1837551,-3.6855149
Guijo,38.495977,-4.7831015
Guillena,37.5464709,-6.057052
Guájar-Faragüit,36.841441,-3.5842656
Gádor,36.9530744,-2.491623
Gérgal,37.118565,-2.5395634
Gójar,37.0963571,-3.5947635
Güevéjar,37.2570604,-3.597654
Güéjar Sierra,37.1419159,-3.3706977
Haza del Trigo,36.7585824,-3.3121046
Higuera de Arjona,37.7989721,-3.7815046
Higuera de la Sierra,37.8365154,-6.4478855
Hinojales,38.0079199,-6.5882245
Hinojares,37.7155422,-2.9987543
Hinojos,37.2922174,-6.3794314
Hinojosa del Duque,38.5004402,-5.1479244
Hornachuelos,37.8341341,-5.2490384
Hornos,38.216737,-2.7191753
Hozanejos,36.3729171,-6.091184
Huelma,37.6473035,-3.4551806
Huelva,37.2575874,-6.9484945
Huertas Bajas,36.6497918,-4.6975406
Humilladero,37.1372243,-4.6997138
Huércal-Overa,37.3895979,-1.9450652
Huéscar,37.8085844,-2.5398281
Huétor Santillán,37.2184811,-3.5173045
Huétor Vega,37.1484257,-3.565457
Huétor-Tájar,37.2011828,-4.0421642
Híjar,37.1500887,-3.6768336
Hútar,37.8025491,-3.4604439
ISLANTILLA Islantilla,37.2071455,-7.2411453
Ibros,38.020922,-3.501422
Igualeja,36.6314956,-5.1211832
Illar,36.9851023,-2.6391402
Illora,37.2885009,-3.8795173
Inmaculada,36.1623065,-5.3514476
Isla Canela,37.1729688,-7.3764568
Isla Cristina,37.2036925,-7.3238913
Isla del Moral,37.1894188,-7.3413689
Islantilla,37.2066136,-7.2367145
Istán,36.5819684,-4.9495445
Iznajar,37.2572511,-4.3077099
Iznate,36.7762195,-4.1849082
Iznatoraf,38.156867,-3.0327811
Iznájar,37.2572511,-4.3077099
Jabugo,37.9168052,-6.7291607
Jabuguillo,37.8592896,-6.5159947
Jarata,37.5568192,-4.6869064
Jaén,37.7728858,-3.7883289
Jerez,36.6816936,-6.1377402
Jerez de la Frontera,36.6816936,-6.1377402
Jerez del Marquesado,37.1837778,-3.1596338
Jete,36.7974469,-3.6679211
Jimena de la Frontera,36.4327335,-5.4527477
Jimera de Líbar,36.6511847,-5.2742346
Jubrique,36.5642558,-5.2146149
Jódar,37.8406832,-3.3548686
Júzcar,36.6255785,-5.1708129
La Algaba,37.4619114,-6.0137162
La Antilla,37.2075848,-7.2116537
La Barca de la Florida,36.6475792,-5.9348618
La Bobadilla,37.6584471,-4.109
La Cala de Mijas,36.5043738,-4.6807143
La Cala del Moral,36.7183372,-4.3089321
La Calahorra,37.1814745,-3.0640503
La Caleta,36.7209214,-4.4025683
La Campana,37.5671522,-5.4293186
La Carlota,37.6746159,-4.9325335
La Carolina,38.2742478,-3.6152701
La Carrasca,37.6446011,-3.9844771
La Carrera de la Viña,37.2850315,-4.1491681
La Cañada de San Urbano,36.8390093,-2.4071749
La Celada,37.4618192,-5.7996069
La Coronada,38.2537077,-5.4927605
La Envía,36.8371214,-2.6197241
La Fuente Grande,37.9522209,-2.5482946
La Garnatilla,36.7423978,-3.440996
La Guardia de Jaén,37.7425684,-3.6937084
La Herradura,36.7345524,-3.7379332
La Iruela,37.9203509,-2.9941404
La Isabel,37.5725436,-7.3990531
La Isleta del Moro,36.8157255,-2.0525758
La Jara,36.7673078,-6.3750689
La Joya,36.931476,-4.6231706
La Lantejuela,37.3536663,-5.2226055
La Losilla,37.570534,-2.0045213
La Luisiana,37.5278048,-5.2481605
La Línea de la Concepción,36.1677899,-5.3482396
La Mairena,36.5310402,-4.7505549
La Marina de la Torre,37.1609505,-1.823747
La Matea,38.0816393,-2.5894487
La Muela,36.271145,-5.9851778
La Nava,37.9631429,-6.7443847
La Paz,37.2569856,-3.7615017
La Presa,37.8654213,-6.7175949
La Puebla de Cazalla,37.2219965,-5.3119668
La Puebla de los Infantes,37.7807467,-5.3893743
La Puerta de Segura,38.349681,-2.736619
La Rambla,37.6061688,-4.7398851
La Redondela,37.2218223,-7.2706265
La Rinconada,37.4867198,-5.9814868
La Roda de Andalucía,37.2003677,-4.7772857
La Rábita,37.5057737,-4.058719
La Salada,37.2966102,-4.8259766
La Victoria,37.6813142,-4.8531883
La Viñuela,36.5915006,-4.5629424
La Zubia,37.1206862,-3.5850833
Lagos,36.7443209,-4.0220833
Lanjarón,36.9181138,-3.4801561
Lanteira,37.1687458,-3.1382211
Laroles,37.0082612,-3.0143759
Laroya,37.295916,-2.3319143
Las Bombardas,37.2400584,-1.8005769
Las Cabezas de San Juan,36.9806706,-5.9406692
Las Gabias,37.1325773,-3.6943628
Las Jaras,37.9699664,-4.8427993
Las Lagunas Mijas,36.5456423,-4.6402358
Las Lagunas de Mijas,36.5385733,-4.6383242
Las Lagunillas,37.3552745,-4.248592
Las Molineras,37.4094728,-2.7011353
Las Navas de la Concepción,37.9328621,-5.4651802
Las Negras,36.8802289,-2.0045257
Las Nogueras,38.0840782,-2.5789547
Las Pajanosas,37.5769933,-6.105186
Laujar de Andarax,36.9939431,-2.8898117
Lebrija,36.9193102,-6.0764057
Lecrin,36.9428455,-3.5303127
Lentegí,36.8342309,-3.6745581
Lepe,37.2551712,-7.201556
Linares,38.087695,-3.6401793
Linares de la Sierra,37.8795891,-6.6210675
Lobras,36.914259,-3.2158351
Lobres,36.7723279,-3.5647684
Loja,37.1523601,-4.2057079
Lora de Estepa,37.2687903,-4.8271052
Lora del Río,37.6574267,-5.5275818
Los Albaricoques,36.8504804,-2.1220497
Los Algarbes,37.4392878,-5.0485238
Los Amarguillos,37.2179803,-1.8205944
Los Anchos,38.223714,-2.5819993
Los Balcones,37.4435328,-2.9419237
Los Barrios,36.1853519,-5.4933701
Los Bravos,37.9611931,-6.8448141
Los Camachos,37.4383695,-2.026498
Los Caparroses,37.3842521,-1.6949939
Los Carriones,37.687191,-2.6675898
Los Carvajales,37.1741929,-4.6957574
Los Caños de Meca,36.1849008,-6.0066783
Los Cerricos,37.5332695,-2.2031343
Los Escullos,36.8030411,-2.0631411
Los Gallardos,37.1675863,-1.9394052
Los Llanos,37.141003,-3.655104
Los Marines,37.9038172,-6.6211935
Los Naveros,36.3577569,-5.9778992
Los Palacios y Villafranca,37.1582119,-5.9244567
Los Puertas,36.7385076,-4.1818523
Los Pánchez,38.1910564,-5.329316
Los Pérez,36.8647835,-4.2348424
Los Romeros,37.8936834,-6.7493265
Los Rosales,37.791119,-3.0842084
Los Villares,37.3483155,-3.331849
Lubrín,37.216181,-2.0669673
Lucainena,36.9432826,-3.0239524
Lucainena de las Torres,37.040325,-2.20112
Lucena,37.4091334,-4.4860128
Lucena del Puerto,37.3035671,-6.7284528
Luque,37.5586671,-4.2786296
Lúcar,37.4009313,-2.4241485
MArbella,36.5074781,-4.8047219
Macael,37.3309751,-2.3024387
Macharaviaya,36.7623774,-4.2138163
Madrigueras,36.8593688,-5.4549265
Mairena,37.0038705,-3.044087
Mairena del Alcor,37.3730933,-5.7489246
Mairena del Aljarafe,37.3444908,-6.0606771
Malaga,36.7647913,-4.4422005
Malaga.,36.7647913,-4.4422005
Malcocinado,36.3536377,-5.8560348
Mancha Real,37.7864076,-3.6125494
Manilva,36.3769979,-5.2489786
Manzanilla,37.3887479,-6.4316237
Marbella,36.5074781,-4.8047219
Marchal,37.2963627,-3.2021995
Marchena,37.3269051,-5.4161717
Marmolejo,38.079566,-4.1648391
Maro,36.7586855,-3.8432581
Martos,37.7222633,-3.9703241
Martín de la Jara,37.1078449,-4.963621
María,37.7106208,-2.1644968
Matalascañas,36.9990019,-6.5478919
Mazagón,37.14597,-6.8562644
Mecina Alfahar,36.9969926,-3.0689488
Mecina Fondales,36.9295837,-3.3224963
Media Legua,37.2146583,-1.8303564
Medina Sidonia,36.4576714,-5.9272725
Melegís,36.9356441,-3.5721013
Melicena,36.7526735,-3.2365961
Mengíbar,37.9680499,-3.8087804
Mezquitilla,36.7451129,-4.0363804
Mijas,36.5557539,-4.6950428
Mijas Costa,36.5536228,-4.6706399
Miller,38.2215432,-2.4736812
Miranda del Rey,38.357972,-3.5768302
Mizala,37.0491799,-2.0643584
Moclinejo,36.7715925,-4.2554413
Moclín,37.3650008,-3.8033439
Moguer,37.2746182,-6.8373527
Mogón,38.0752424,-3.0333499
Mojácar,37.1402087,-1.8510071
Mollina,37.1258671,-4.6578941
Molvízar,36.7910098,-3.5948715
Monachil,37.1019874,-3.4694079
Monda,36.6300141,-4.8306127
Mondrón,36.9396056,-4.2280118
Montecorto,36.8149906,-5.2983445
Montefrío,37.321018,-4.011123
Montejaque,36.7338717,-5.2514725
Montejicar,37.5625152,-3.5041905
Montellano,36.9950734,-5.5713466
Montemayor,37.657158,-4.6589844
Montequinto,37.3421159,-5.9346082
Montilla,37.5811178,-4.6414726
Montillana,37.4730327,-3.7324801
Montoro,38.0215633,-4.3827296
Moraleda de Zafayona,37.1809574,-3.9586367
Moriles,37.4353584,-4.6095901
Morón de la Frontera,37.1215305,-5.4559583
Motril,36.7450888,-3.5207655
Murchas,36.9473496,-3.5599991
Mures,37.5869337,-2.5958785
Málaga,36.7647913,-4.4422005
Navahermosa,37.4929663,-6.7855406
Nerja,36.7468565,-3.8790164
Niebla,37.3609544,-6.6793495
Nigüelas,36.977772,-3.5388692
Noalejo,37.5290214,-3.6542166
Novo Sancti Petri,36.3499393,-6.1569969
Níjar,36.962894,-2.2063758
Nívar,37.2579297,-3.5779065
Ogíjares,37.1237266,-3.6166592
Ohanes,37.0381353,-2.7453429
Ojén,36.5645156,-4.8565007
Olivares,37.3319193,-3.7650989
Olula del Río,37.3559681,-2.2965931
Olvera,36.9348951,-5.2601194
Olías,36.7710551,-4.3196467
Orce,37.7212772,-2.4794159
Orcera,38.3180223,-2.6610525
Oria,37.4841014,-2.2924853
Osuna,37.2373532,-5.1033306
Otura,37.0713039,-3.6546038
Padules,36.9978333,-2.7732375
Palenciana,37.2486227,-4.5825794
Palma del Río,37.6949622,-5.2804262
Palomares,37.2473814,-1.7973403
Palomares del Río,37.3189698,-6.0634037
Palos de la Frontera,37.2276501,-6.895393
Pampaneira,36.964497,-3.3867753
Parauta,36.6559871,-5.1292424
Parque de Cubillas,37.2853613,-3.6672136
Partaloa,37.4060229,-2.2262739
Partido de Resina,37.2125079,-6.2987548
Paterna de Rivera,36.5229634,-5.864702
Paulenca,37.2942432,-3.1696249
Paymogo,37.7407768,-7.3443325
Peal de Becerro,37.9121397,-3.1240597
Pechina,36.916512,-2.4402474
Pedrera,37.2254137,-4.894143
Pedro Abad,37.9662785,-4.45529
Pegalajar,37.7400607,-3.6450264
Peligros,37.2306631,-3.6279744
Periana,36.9286023,-4.1908814
Peñaflor,37.7084447,-5.3457347
Peñarroya-Pueblonuevo,38.3026178,-5.2714828
Peñolite,38.3251228,-2.7976189
Picena,37.0002898,-3.0058073
Pilar de Jaravía,37.3939432,-1.6921183
Pilas,37.3012094,-6.3027773
Pinos Genil,37.1599168,-3.5052506
Pinos del Valle,36.9129848,-3.5545946
Pitres,36.9357242,-3.3259562
Pizarra,36.766795,-4.707687
Piñar,37.4424506,-3.440416
Playa del Sol Villacana,36.4551789,-5.0474141
Playas de Vera,37.2088144,-1.8090222
Poblado de Sancti Petri,36.3926735,-6.2072744
Polopos,36.7950131,-3.2972924
Polvillar,37.9536093,-3.8053145
Pontones,38.118434,-2.6702215
Pontón Alto,38.1159391,-2.6863355
Porcuna,37.8710423,-4.1842853
Posadas,37.8017289,-5.107031
Pozo Alcón,37.7026954,-2.9350566
Pozoblanco,38.3780204,-4.848573
Prado del Rey,36.7879415,-5.5572276
Prados de Armijo,38.2969035,-2.8320936
Priego de Córdoba,37.4384292,-4.1980422
Pruna,36.972407,-5.2213568
Puebla de Don Fadrique,37.9578472,-2.4348912
Pueblo Nuevo de Guadiaro,36.2934897,-5.3019875
Puente Genil,37.387395,-4.7716241
Puente Honda,38.3574104,-2.6184479
Puente de Génave,38.3545624,-2.8031995
Puerto Moral,37.8917393,-6.4795963
Puerto Real,36.5286856,-6.1902161
Puerto Serrano,37.1529182,-5.7449397
Puerto de la Laja,37.524089,-7.492819
Puerto-Gil,37.8922802,-6.4986411
Pulianas,37.2226481,-3.6080146
Pulpite,37.576041,-2.5285291
Pulpí,37.4078925,-1.7477007
Punta Umbría,37.1830237,-6.9662203
Punta del Caimán,37.1952827,-7.324557
Punta del moral,37.1877587,-7.3444664
Purchena,37.3477463,-2.3608085
Purchil,37.1717578,-3.6674242
Purullena,37.3147739,-3.1892077
Pórtugos,36.973613,-3.3060394
Quesada,37.8429817,-3.0669209
Quéntar,37.1920952,-3.4667577
Restábal,36.9292872,-3.5825469
Retamar,36.8486262,-2.3061564
Ribera Alta,37.4647006,-3.83834
Ribera Baja,37.4494284,-3.8402516
Rincón de la Victoria,36.7162109,-4.2793767
Rivero de Posadas,37.7923722,-5.1442929
Roche,36.3208845,-6.1443014
Rociana,37.9046537,-6.8820445
Rodalquilar,36.8468019,-2.0406035
Ronda,36.7421339,-5.1665916
Roquetas de Mar,36.7630203,-2.6115886
Rosal de la Frontera,37.9679076,-7.2204724
Rota,36.6228636,-6.3599595
Rota Cádiz,36.6293469,-6.3775814
Rubite,36.8094778,-3.3483956
Rus,38.0476731,-3.461804
Rute,37.3253037,-4.3699771
Ríogordo,36.9152823,-4.2934765
SEVILLA,37.3886303,-5.9953403
Sabariego,37.5256247,-4.0442336
Sabiote,38.0691918,-3.3068128
Salar,37.1364528,-4.0392701
Salares,36.8544153,-4.0241592
Saleres,36.9296617,-3.5965077
Salobreña,36.765067,-3.5938505
Salobreña (Granada),36.765067,-3.5938505
Salteras,37.4188774,-6.1109126
San Bartolomé de la Torre,37.4462517,-7.1068216
San Clemente,37.8921535,-2.6416406
San Enrique de Guadiaro,36.3057744,-5.2918178
San Fernando,36.4646672,-6.1983492
San Francisco,36.7290282,-4.3680447
San José,36.7618962,-2.110094
San José de La Rinconada,37.4865155,-5.9416528
San José del Valle,36.6062584,-5.7997029
San Juan de Aznalfarache,37.3599507,-6.03286
San Juan de los Terreros,37.3608107,-1.6636704
San Juan de los terreros,37.3608107,-1.6636704
San Juan del Puerto,37.3142155,-6.8407764
San Luis de Sabinillas,36.367303,-5.227807
San Nicolás del Puerto,37.9950338,-5.6527851
San Pablo,36.4679272,-5.4191583
San Pedro de Alcántara,36.4975764,-4.993087
San Roque,36.2100586,-5.3868293
San Sebastián de los Ballesteros,37.6535266,-4.8240997
Sanlúcar de Barrameda,36.7761393,-6.3534794
Sanlúcar de Guadiana,37.4726294,-7.4664775
Sanlúcar la Mayor,37.3864113,-6.2024485
Santa Ana,37.4616795,-3.8851303
Santa Ana la Real,37.8639155,-6.7244264
Santa Cruz,37.7349085,-4.6338745
Santa Elena,38.3402351,-3.5395811
Santa Eulalia,38.0645434,-3.3829522
Santa Fe,37.1895171,-3.7183561
Santa Fe de los Boliches,36.5545102,-4.6173931
Santa María de Trassierra,37.9288388,-4.9026371
Santa Olalla del Cala,37.9066642,-6.2293168
Santiago de Calatrava,37.7534531,-4.169898
Santiago de la Espada,38.1112962,-2.5513193
Santiponce,37.4355931,-6.039916
Santisteban del Puerto,38.2484355,-3.2061898
Santo Tomé,38.0273767,-3.0999333
Sayalonga,36.7982701,-4.012961
Sedella,36.8617323,-4.0336554
Segura de la Sierra,38.2988567,-2.6518766
Senés,37.2034892,-2.3444627
Serón,37.3437187,-2.5084242
Setenil de las Bodegas,36.8621836,-5.1787
Sevilla,37.3886303,-5.9953403
Sierra Nevada,37.0955278,-3.14242
Sierra de Yeguas,37.1243923,-4.8685644
Sierro,37.3214457,-2.3986429
Siles,38.3878613,-2.5826373
Sitio de Calahonda,36.489002,-4.7211222
Soportújar,36.9698243,-3.4012578
Sorbas,37.098183,-2.1239548
Sorihuela del Guadalimar,38.2404151,-3.0536118
Sorvilán,36.7888252,-3.2604843
Sotogrande,36.2820648,-5.2970604
Suspiro del Moro,37.0701847,-3.6516029
Tabernas,37.0498879,-2.3913774
Taberno,37.4683539,-2.0779837
Tahal,37.2279746,-2.2854744
Tahivilla,36.162519,-5.775651
Tajarja,37.115696,-3.8751553
Talara,36.948071,-3.5507616
Taramay,36.7501577,-3.6569973
Tarifa,36.0129082,-5.6050213
Teba,36.9834861,-4.9202568
Teja,36.8812953,-3.8071543
Tocon,37.2372602,-3.9665883
Tolox,36.6874219,-4.9050917
Tomares,37.3762863,-6.0456365
Torre de Benagalbon,36.7175157,-4.2480397
Torre de Benagalbón,36.7175157,-4.2480397
Torre de la Reina,37.5129906,-6.0258012
Torre del Mar,36.7413845,-4.0946126
Torreblascopedro,37.9978262,-3.6352997
Torrecampo,38.4744653,-4.6773881
Torredelcampo,37.7702055,-3.8972315
Torredonjimeno,37.7610096,-3.9511024
Torreguadiaro,36.2998883,-5.2709429
Torremolinos,36.6242841,-4.4995448
Torremuelle,36.5822976,-4.5670844
Torrenueva,36.7087686,-3.4805521
Torrequebrada,36.5873054,-4.5477
Torrequebradilla,37.910429,-3.6616211
Torres,37.7846518,-3.5081897
Torrox,36.7705233,-3.9530852
Torrox Costa,36.7307283,-3.9650488
Torviscón,36.8776298,-3.2990923
Torvizcon,36.8524465,-3.2754944
Totalán,36.7651731,-4.297405
Trapiche,36.8034442,-4.1234475
Trebujena,36.8693137,-6.1767017
Trevélez,37.0023983,-3.2665989
Trigueros,37.3830829,-6.834095
Turre,37.1523701,-1.8945374
Turón,36.8406863,-3.0794365
Tíjola,37.4014554,-2.4982675
Tózar,37.3696623,-3.7769012
Ubrique,36.6769347,-5.4457808
Ugíjar,36.9496795,-3.0642583
Umbrete,37.368665,-6.1573611
Utrera,37.1824646,-5.7817506
Valdelarco,37.9507831,-6.6830885
Valdepeñas de Jaén,37.5899962,-3.8153262
Valderrubio,37.2343089,-3.8238434
Valdevaqueros,36.0661685,-5.6813924
Valdés,36.7584425,-4.242567
Valencina de la Concepción,37.4175713,-6.0738363
Valenzuela,38.0600749,-3.6122179
Valle de Abdalajís,36.9311713,-4.682611
Valsequillo,38.4049294,-5.3517078
Valverde del Camino,37.5739612,-6.7543559
Vejer de la Frontera,36.251937,-5.9670492
Velez -Malaga,36.7818354,-4.0988099
Venta de Micena,37.7321189,-2.3899866
Ventas de Zafarraya,36.9572848,-4.1205346
Vera,37.2475942,-1.8681961
Vilches,38.2107652,-3.5130577
Villablanca,37.3028005,-7.3423138
Villacarrillo,38.11602,-3.083922
Villafranca de Córdoba,37.9504753,-4.5533602
Villafranco de Guadalhorce,36.701283,-4.6979098
Villaharta,38.1400552,-4.9037865
Villalba del Alcor,37.3967946,-6.475054
Villaluenga del Rosario,36.6965773,-5.3860094
Villamanrique de la Condesa,37.2465338,-6.3063633
Villamartín,36.8591822,-5.6434544
Villamena ,36.974998,-3.610597
Villanueva de Algaidas,37.1831293,-4.449969
Villanueva de Córdoba,38.3230235,-4.6279655
Villanueva de San Juan,37.0502525,-5.1752275
Villanueva de Tapia,37.1835699,-4.334301
Villanueva de la Concepción,36.9318977,-4.5304501
Villanueva de las Torres,37.5223472,-3.1234916
Villanueva del Ariscal,37.3966241,-6.1444552
Villanueva del Arzobispo,38.1685887,-3.0078293
Villanueva del Duque,38.3932039,-4.9995818
Villanueva del Rey Córdoba,38.1982093,-5.1526791
Villanueva del Rey Sevilla,37.5265702,-5.1588303
Villanueva del Rosario,36.998599,-4.3660482
Villanueva del Río y Minas,37.6505159,-5.7305428
Villanueva del Trabuco,37.0283874,-4.337989
Villar,37.6361815,-5.0593273
Villarrasa,37.3880086,-6.6054262
Villarrubia,37.8479706,-4.9137717
Villaviciosa de Córdoba,38.0756277,-5.0146332
Vista Hermosa,36.2129779,-5.3453201
Válor,37.0316387,-3.0960882
Vélez Blanco,37.6914189,-2.0956638
Vélez Rubio,37.6482765,-2.0745368
Vélez de Benaudalla,36.8263829,-3.4886425
Vélez-Málaga,36.7818354,-4.0988099
Vícar,36.8316986,-2.6430297
Víznar,37.2312071,-3.5539201
Yegen,36.9827081,-3.1187286
Yunquera,36.7346372,-4.9205956
Yátor,36.9571281,-3.1361264
Zafarraya,36.9928196,-4.1503661
Zagrilla,37.4801306,-4.235705
Zahara de la Sierra,36.8405841,-5.3905374
Zahara de los Atunes,36.1361147,-5.845594
Zahora,36.2031094,-6.0398197
Zalamea la Real,37.6793659,-6.6605705
Zamoranos,37.5260281,-4.1640626
Zufre,37.8338999,-6.3388735
Zuheros,37.543409,-4.314876
Zujaira,37.2569019,-3.8037651
Zurgena,37.3421871,-2.0393486
Zújar,37.5916353,-2.8200837
Álora,36.8238814,-4.7063011
Árchez,36.8390459,-3.9907148
Écija,37.5406007,-5.079589
Ítrabo,36.7876488,-3.6356292
Órgiva,36.8690899,-3.4072057
Úbeda,38.0111398,-3.3719098
